Place of Interest;Type of Place;Place Address;BiciMad Station;Station location
CMSc Centro Municipal de Salud Comunitaria  Chamberí;Sedes.Centros de atención médica;CALLE RAFAEL CALVO 6;General Martínez Campos ;Calle Fernández de la Hoz nº 29
CMSc Centro Municipal de Salud Comunitaria Arganzuela;Sedes.Centros de atención médica;CALLE CONCEJAL BENITO MARTIN LOZANO 1;Puerta de Toledo;Glorieta de la Puerta de Toledo nº 1
CMSc Centro Municipal de Salud Comunitaria Carabanchel;Sedes.Centros de atención médica;CALLE EUGENIA DE MONTIJO 90;Caramuel;Calle Caramuel nº 51
CMSc Centro Municipal de Salud Comunitaria Centro;Sedes.Centros de atención médica;CALLE NAVAS DE TOLOSA 10;Jacometrezo;Calle Jacometrezo nº 3
CMSc Centro Municipal de Salud Comunitaria Ciudad Lineal;Sedes.Centros de atención médica;PLAZA DE AGUSTÍN GONZALEZ 1;Marqués de Corbera 52;Avenida Marqués de Corbera nº 52
CMSc Centro Municipal de Salud Comunitaria Fuencarral;Sedes.Centros de atención médica;AVENIDA MONFORTE DE LEMOS 38;Remonta;Calle Azucenas nº 1
CMSc Centro Municipal de Salud Comunitaria Hortaleza;Sedes.Centros de atención médica;CALLE JUAN CLEMENTE NUÑEZ 3 frente a Silvano 157;Carlota O’Neill;Calle Carlota O'Neill nº 32
CMSc Centro Municipal de Salud Comunitaria Latina;Sedes.Centros de atención médica;PASEO EXTREMADURA 147;Caramuel;Calle Caramuel nº 51
CMSc Centro Municipal de Salud Comunitaria Puente de Vallecas;Sedes.Centros de atención médica;CALLE CONCORDIA 15;Concordia;Calle Arroyo del Olivar nº 6
CMSc Centro Municipal de Salud Comunitaria Salamanca Retiro;Sedes.Centros de atención médica;CALLE NUÑEZ DE BALBOA 40;Ayala;Calle Ayala nº 44
CMSc Centro Municipal de Salud Comunitaria Salud Tetuán;Sedes.Centros de atención médica;CALLE AGUILEÑAS 1;Remonta;Calle Azucenas nº 1
CMSc Centro Municipal de Salud Comunitaria San Blas;Sedes.Centros de atención médica;CALLE POBLADURA DEL VALLE 13;Gutierre de Cetina;Calle Gutierre de Cetina nº 77
CMSc Centro Municipal de Salud Comunitaria Usera;Sedes.Centros de atención médica;CALLE AVENA 3 (Esquina a calle Heno);San Delfín;Calle San Delfín nº 9
CMSc Centro Municipal de Salud Comunitaria Vicálvaro;Sedes.Centros de atención médica;CALLE CALAHORRA 11;Pavones;Calle Hacienda de Pavones nº 342
CMSc Centro Municipal de Salud Comunitaria Villa de Vallecas;Sedes.Centros de atención médica;CALLE SIERRA GADOR 68;Pavones;Calle Hacienda de Pavones nº 342
CMSc Centro Municipal de Salud Comunitaria Villaverde;Sedes.Centros de atención médica;AVENIDA FELICIDAD 17;Embajadores 191;Calle Sodio nº 1B
Centro Concertado de Atención a las Adicciones (CCAD) Casa de Campo (Cruz Roja);Sedes.Centros de atención médica;AVENIDA PORTUGAL;Puerta del Ángel;Plaza Puerta del Ángel nº 4
Centro Concertado de Atención a las Adicciones (CCAD) Cáritas Madrid;Sedes.Centros de atención médica;CALLE SANTA HORTENSIA 1;Corazón de María;Calle Santa Hortensia nº 31
Centro Joven de Madrid Salud;Sedes.Centros de atención médica;CALLE NAVAS DE TOLOSA 10 PLANTA 2ª;Jacometrezo;Calle Jacometrezo nº 3
Centro Madrid Salud Internacional. Centro de Vacunación Internacional;Sedes.Centros de atención médica;CALLE MONTESA 22 PLANTA Baja Edificio A;Ortega y Gasset 87;Calle Ortega y Gasset nº 87
Centro de Atención Integral a Drogodependientes CAID Este;Sedes.Centros de atención médica;PLAZA CIVICA  esquina C/ Pobladura del Valle;Gutierre de Cetina;Calle Gutierre de Cetina nº 77
Centro de Atención Integral a Drogodependientes CAID Norte;Sedes.Centros de atención médica;CALLE NUESTRA SEÑORA DEL CARMEN 46;San Germán 57;Calle San Germán nº 57
Centro de Atención Integral a Drogodependientes CAID Sur-Usera;Sedes.Centros de atención médica;CALLE JASPE 40;Glorieta de Cádiz;Calle Antonio López nº 129
Centro de Atención Integral a Drogodependientes CAID Vallecas;Sedes.Centros de atención médica;CALLE CINCOVILLAS 5;Pavones;Calle Hacienda de Pavones nº 342
Centro de Atención a las Adicciones (CAD) de Arganzuela;Sedes.Centros de atención médica;PASEO CHOPERA 12;Entrada Matadero;Paseo de la Chopera nº 14
Centro de Atención a las Adicciones (CAD) de Hortaleza;Sedes.Centros de atención médica;CALLE MINAYA 7;Carlota O’Neill;Calle Carlota O'Neill nº 32
Centro de Atención a las Adicciones (CAD) de Latina;Sedes.Centros de atención médica;CALLE CAMARENA 10;Caramuel;Calle Caramuel nº 51
Centro de Atención a las Adicciones (CAD) de San Blas;Sedes.Centros de atención médica;CALLE ALCALA 527;Gutierre de Cetina;Calle Gutierre de Cetina nº 77
Centro de Atención a las Adicciones (CAD) de Tetuán;Sedes.Centros de atención médica;CALLE PINOS ALTA 122;Remonta;Calle Azucenas nº 1
Centro de Atención a las Adicciones (CAD) de Vallecas;Sedes.Centros de atención médica;CALLE CONCORDIA 17;Concordia;Calle Arroyo del Olivar nº 6
Centro de Atención a las Adicciones (CAD) de Villaverde;Sedes.Centros de atención médica;CALLE VERDE VIENTO 16;Glorieta de Cádiz;Calle Antonio López nº 129
Centro de Atención integral sociosanitaria nocturno;Sedes.Centros de atención médica;CALLE HERMANOS ALVAREZ QUINTERO 3;Santa Engracia 14;Calle Santa Engracia nº 14
Centro de Atención integral sociosanitario diurno (Cruz Roja);Sedes.Centros de atención médica;CALLE HERMANOS ALVAREZ QUINTERO 3;Santa Engracia 14;Calle Santa Engracia nº 14
Centro de Especialidades Periférico Argüelles;Sedes.Centros de atención médica;CALLE QUINTANA 11;Quintana;Calle Quintana nº 11
Centro de Especialidades Periférico Avenida de Portugal;Sedes.Centros de atención médica;AVENIDA PORTUGAL 155;Caramuel;Calle Caramuel nº 51
Centro de Especialidades Periférico Carabanchel Alto;Sedes.Centros de atención médica;CALLE AGUACATE 13;Marqués de Vadillo;Glorieta Marqués de Vadillo nº 9
Centro de Especialidades Periférico Emigrantes;Sedes.Centros de atención médica;CALLE AREQUIPA 30 PLANTA 3;Carlota O’Neill;Calle Carlota O'Neill nº 32
Centro de Especialidades Periférico Federica Montseny;Sedes.Centros de atención médica;AVENIDA ALBUFERA 285;Pavones;Calle Hacienda de Pavones nº 342
Centro de Especialidades Periférico Hermanos García Noblejas;Sedes.Centros de atención médica;CALLE DOCTOR ESQUERDO 45;Jorge Juan;Calle Jorge Juan nº 131
Centro de Especialidades Periférico Hermanos Sangro (Peña Prieta);Sedes.Centros de atención médica;AVENIDA PEÑA PRIETA 4;Puente de Vallecas;Avenida de la Albufera nº 6
Centro de Especialidades Periférico José Marvá;Sedes.Centros de atención médica;CALLE BRAVO MURILLO 317;Remonta;Calle Azucenas nº 1
Centro de Especialidades Periférico Modesto Lafuente;Sedes.Centros de atención médica;CALLE MODESTO LAFUENTE 21;José Abascal;Calle José Abascal nº 33
Centro de Especialidades Periférico Moratalaz;Sedes.Centros de atención médica;CALLE HACIENDA DE PAVONES 348;Pavones;Calle Hacienda de Pavones nº 342
Centro de Especialidades Periférico Orcasitas;Sedes.Centros de atención médica;CALLE CESTONA 3;Glorieta de Cádiz;Calle Antonio López nº 129
Centro de Especialidades Periférico Pedro González Bueno (San Blas);Sedes.Centros de atención médica;"AVENIDA INSTITUCION LIBRE DE ENSE&amp;Ntilde;ANZA 89";Gutierre de Cetina;Calle Gutierre de Cetina nº 77
Centro de Especialidades Periférico Peña Grande;Sedes.Centros de atención médica;"CALLE ISLA DE CERDE&amp;Ntilde;A 8";Facultad Derecho;Avenida Complutense nº 23
Centro de Especialidades Periférico Pontones;Sedes.Centros de atención médica;RONDA SEGOVIA 52;Puerta de Toledo;Glorieta de la Puerta de Toledo nº 1
Centro de Especialidades Periférico Vicente Soldevilla;Sedes.Centros de atención médica;CALLE SIERRA DE ALQUIFE 8;Concordia;Calle Arroyo del Olivar nº 6
Centro de Especialidades Periférico Villaverde Cruce;Sedes.Centros de atención médica;CALLE ALCARRIA 4;Glorieta de Cádiz;Calle Antonio López nº 129
Centro de Patología Dual;Sedes.Centros de atención médica;CALLE LOPEZ DE HOYOS 259 DISPOSITIVO DE HOSPITALIZACION;Corazón de María;Calle Santa Hortensia nº 31
Centro de Prevención de Deterioro Cognitivo;Sedes.Centros de atención médica;CALLE MONTESA 22 Edificio B;Ortega y Gasset 87;Calle Ortega y Gasset nº 87
Centro de Prevención de Riesgos Laborales Fabiola de Mora y Aragón;Sedes.Centros de atención médica;CARRETERA DEHESA DE LA VILLA 1;Facultad Derecho;Avenida Complutense nº 23
Centro de Promoción de Hábitos Saludables;Sedes.Centros de atención médica;CALLE MONTESA 22 Edificio C;Ortega y Gasset 87;Calle Ortega y Gasset nº 87
Centro de Salud Abrantes;Sedes.Centros de atención médica;AVENIDA ABRANTES 55;Marqués de Vadillo;Glorieta Marqués de Vadillo nº 9
Centro de Salud Adelfas;Sedes.Centros de atención médica;AVENIDA CIUDAD DE BARCELONA 190;Pedro Bosch;Calle Cerro de la Plata nº 2
Centro de Salud Alameda;Sedes.Centros de atención médica;CALLE ALAMEDA 5;Almadén;Calle Almadén nº 28
Centro de Salud Alameda de Osuna;Sedes.Centros de atención médica;CALLE CARABELA 7;Gutierre de Cetina;Calle Gutierre de Cetina nº 77
Centro de Salud Alcalá de Guadaira;Sedes.Centros de atención médica;CALLE ALCALA DE GUADAIRA 4;Concordia;Calle Arroyo del Olivar nº 6
Centro de Salud Almendrales;Sedes.Centros de atención médica;CALLE VISITACION 5;Glorieta de Cádiz;Calle Antonio López nº 129
Centro de Salud Andrés Mellado;Sedes.Centros de atención médica;CALLE ANDRES MELLADO 37;Fernando el Católico;Calle Fernando el Católico nº 61
Centro de Salud Aquitania;Sedes.Centros de atención médica;CALLE AQUITANIA 22;Pavones;Calle Hacienda de Pavones nº 342
Centro de Salud Aravaca;Sedes.Centros de atención médica;CALLE RIAZA 5;Facultad Derecho;Avenida Complutense nº 23
Centro de Salud Argüelles;Sedes.Centros de atención médica;CALLE QUINTANA 11;Quintana;Calle Quintana nº 11
Centro de Salud Arroyo Medialegua;Sedes.Centros de atención médica;CALLE ARROYO DE LA MEDIA LEGUA 35;Camino Vinateros;Calle Camino de los Vinateros nº 28
Centro de Salud Artilleros;Sedes.Centros de atención médica;PASEO ARTILLEROS 31;Pavones;Calle Hacienda de Pavones nº 342
Centro de Salud Avenida de Aragón;Sedes.Centros de atención médica;CALLE ALCALA 425;Gutierre de Cetina;Calle Gutierre de Cetina nº 77
Centro de Salud Barajas;Sedes.Centros de atención médica;"AVENIDA LOGRO&amp;Ntilde;O 319";Gutierre de Cetina;Calle Gutierre de Cetina nº 77
Centro de Salud Barrio del Pilar;Sedes.Centros de atención médica;CALLE FINISTERRE 18;Pedro Rico;Calle Pedro Rico nº 4
Centro de Salud Baviera;Sedes.Centros de atención médica;CALLE PINTOR MORENO CARBONERO 21;Camilo José Cela;Avenida de Camilo José Cela nº 23
Centro de Salud Benita Ávila;Sedes.Centros de atención médica;CALLE BENITA AVILA 26;Carlota O’Neill;Calle Carlota O'Neill nº 32
Centro de Salud Bucodental;Sedes.Centros de atención médica;AVENIDA FELICIDAD 17;Embajadores 191;Calle Sodio nº 1B
Centro de Salud Buenos Aires;Sedes.Centros de atención médica;CALLE PIO FELIPE 26;Sierra Toledana;Camino de Valderribas nº 94
Centro de Salud Bustarviejo;Sedes.Centros de atención médica;CALLE BUSTARVIEJO 5;Remonta;Calle Azucenas nº 1
Centro de Salud Campamento;Sedes.Centros de atención médica;"CALLE MIRUE&amp;Ntilde;A 5";Caramuel;Calle Caramuel nº 51
Centro de Salud Campo de la Paloma;Sedes.Centros de atención médica;CALLE VILLALOBOS 14;Sierra Toledana;Camino de Valderribas nº 94
Centro de Salud Canal de Panamá;Sedes.Centros de atención médica;CALLE VERDAGUER Y GARCIA 56;Derechos Humanos;Calle Derechos Humanos nº 12
Centro de Salud Canillejas;Sedes.Centros de atención médica;CALLE BOLTAÑA 5;Gutierre de Cetina;Calle Gutierre de Cetina nº 77
Centro de Salud Carabanchel Alto;Sedes.Centros de atención médica;AVENIDA CARABANCHEL ALTO 150;Marqués de Vadillo;Glorieta Marqués de Vadillo nº 9
Centro de Salud Caramuel;Sedes.Centros de atención médica;CALLE FUENTEOVEJUNA 17;Caramuel;Calle Caramuel nº 51
Centro de Salud Casa de Campo;Sedes.Centros de atención médica;CALLE RIBERA DEL MANZANARES 113;Paseo de Moret;Paseo de Moret nº 11
Centro de Salud Castelló;Sedes.Centros de atención médica;CALLE CASTELLO 63;Marqués de Salamanca;Calle José Ortega y Gasset nº 30
Centro de Salud Cea Bermúdez;Sedes.Centros de atención médica;CALLE CEA BERMUDEZ 10;Parque Santander;Calle Santander esquina con Avenida de Filipinas
Centro de Salud Cebreros;Sedes.Centros de atención médica;CALLE CEBREROS 74;Caramuel;Calle Caramuel nº 51
Centro de Salud Cerro Almodóvar;Sedes.Centros de atención médica;CALLE FUENTESPINA 2;Pavones;Calle Hacienda de Pavones nº 342
Centro de Salud Ciudad Jardín;Sedes.Centros de atención médica;CALLE PANTOJA 3;Corazón de María;Calle Santa Hortensia nº 31
Centro de Salud Ciudad de los Periodistas;Sedes.Centros de atención médica;CALLE VALENCIA DE DON JUAN 1;Pedro Rico;Calle Pedro Rico nº 4
Centro de Salud Comillas;Sedes.Centros de atención médica;CALLE EDUARDO MARQUINA 33;San Delfín;Calle San Delfín nº 9
Centro de Salud Cáceres;Sedes.Centros de atención médica;CALLE CACERES 4;Paseo de las Delicias;Paseo de las Delicias nº 92
Centro de Salud Daroca;Sedes.Centros de atención médica;AVENIDA DAROCA 4;Puente de Ventas;Avenida de Daroca nº 2
Centro de Salud Delicias;Sedes.Centros de atención médica;CALLE DELICIAS 5;Batalla del Salado;Paseo Santa María de la Cabeza nº 29
Centro de Salud Doctor Castroviejo;Sedes.Centros de atención médica;CALLE CANDIDO MATEOS 11;Francos Rodríguez;Calle Francos Rodríguez nº 62
Centro de Salud Doctor Cirajas;Sedes.Centros de atención médica;CALLE DOCTOR CIRAJAS 20;Gutierre de Cetina;Calle Gutierre de Cetina nº 77
Centro de Salud El Pardo;Sedes.Centros de atención médica;CALLE CARLOS MORLA LYNCH 2;Facultad Derecho;Avenida Complutense nº 23
Centro de Salud Eloy Gonzalo;Sedes.Centros de atención médica;CALLE ELOY GONZALO 24;General Álvarez de Castro;Calle del General Álvarez de Castro nº 1
Centro de Salud Embajadores;Sedes.Centros de atención médica;CALLE CARDENAL SOLIS 6;Santa María de la Cabeza;Paseo de Santa María de la Cabeza nº 58
Centro de Salud Ensanche de Vallecas;Sedes.Centros de atención médica;CALLE CINCOVILLAS 1;Pavones;Calle Hacienda de Pavones nº 342
Centro de Salud Entrevías;Sedes.Centros de atención médica;CALLE CAMPIÑA ;Concordia;Calle Arroyo del Olivar nº 6
Centro de Salud Espronceda;Sedes.Centros de atención médica;CALLE ESPRONCEDA 24;José Abascal;Calle José Abascal nº 33
Centro de Salud Estrecho de Corea;Sedes.Centros de atención médica;CALLE ESTRECHO DE COREA 1;C.D. Concepción;Calle Jose del Hierro nº 5
Centro de Salud Federica Montseny;Sedes.Centros de atención médica;AVENIDA ALBUFERA 285;Pavones;Calle Hacienda de Pavones nº 342
Centro de Salud Fuencarral;Sedes.Centros de atención médica;CALLE ISLA DE JAVA 53;Pedro Rico;Calle Pedro Rico nº 4
Centro de Salud Fuentelarreina;Sedes.Centros de atención médica;CALLE ALFONSO RODRIGUEZ CASTELAO 17;Facultad Derecho;Avenida Complutense nº 23
Centro de Salud Gandhi;Sedes.Centros de atención médica;CALLE GANDHI 30;Gutierre de Cetina;Calle Gutierre de Cetina nº 77
Centro de Salud García Noblejas;Sedes.Centros de atención médica;"AVENIDA INSTITUCION LIBRE DE ENSE&amp;Ntilde;ANZA 168";Gutierre de Cetina;Calle Gutierre de Cetina nº 77
Centro de Salud General Fanjul;Sedes.Centros de atención médica;AVENIDA LAS AGUILAS 18;Caramuel;Calle Caramuel nº 51
Centro de Salud General Ricardos;Sedes.Centros de atención médica;CALLE GENERAL RICARDOS 131;Marqués de Vadillo;Glorieta Marqués de Vadillo nº 9
Centro de Salud Goya;Sedes.Centros de atención médica;CALLE O'DONNELL 55;O'Donnell;Calle O'Donnell nº 50
Centro de Salud Guayaba;Sedes.Centros de atención médica;CALLE ANTONIA RODRIGUEZ SACRISTAN 4;Marqués de Vadillo;Glorieta Marqués de Vadillo nº 9
Centro de Salud Guzmán el Bueno;Sedes.Centros de atención médica;CALLE GUZMAN EL BUENO 11;Guzmán el Bueno;Calle Guzmán el Bueno nº 1
Centro de Salud Ibiza;Sedes.Centros de atención médica;CALLE IBIZA 7;Retiro-Ibiza;Calle Ibiza nº 18
Centro de Salud Infanta Mercedes;Sedes.Centros de atención médica;CALLE INFANTA MERCEDES 7;General Perón 1;Avenida del General Perón frente al nº 4
Centro de Salud Isla de Oza;Sedes.Centros de atención médica;CALLE SAN MARTIN DE PORRES 6;Facultad Derecho;Avenida Complutense nº 23
Centro de Salud Jazmín;Sedes.Centros de atención médica;CALLE JAZMIN 33;Chamartín;Calle Rodríguez Jaén nº 40
Centro de Salud Joaquín Rodrigo;Sedes.Centros de atención médica;CALLE MARIANO VELA 62;Glorieta de Cádiz;Calle Antonio López nº 129
Centro de Salud José Marvá;Sedes.Centros de atención médica;CALLE BRAVO MURILLO 317;Remonta;Calle Azucenas nº 1
Centro de Salud José María Llanos;Sedes.Centros de atención médica;CALLE CABO MACHICHACO 62;Concordia;Calle Arroyo del Olivar nº 6
Centro de Salud Justicia;Sedes.Centros de atención médica;CALLE REGUEROS 3;Hortaleza;Calle Hortaleza nº 75
Centro de Salud La Ventilla;Sedes.Centros de atención médica;AVENIDA ASTURIAS 61;Remonta;Calle Azucenas nº 1
Centro de Salud Lagasca;Sedes.Centros de atención médica;CALLE LAGASCA 122;Velázquez-Diego de León;Calle Velázquez nº 91
Centro de Salud Las Calesas;Sedes.Centros de atención médica;CALLE CALESAS 12;Antonio López;Calle Eugenio Caxes frente al nº 12
Centro de Salud Las Cortes;Sedes.Centros de atención médica;CARRERA SAN JERONIMO 32;Sevilla;Calle Alcalá nº 27
Centro de Salud Las Águilas;Sedes.Centros de atención médica;CALLE JOSE DE CADALSO 51;Caramuel;Calle Caramuel nº 51
Centro de Salud Lavapiés;Sedes.Centros de atención médica;CALLE EMBAJADORES 41;Plaza de Nelson Mandela;Calle Mesón de Paredes nº 35
Centro de Salud Legazpi;Sedes.Centros de atención médica;CALLE ANTRACITA 2 A;Embajadores 191;Calle Sodio nº 1B
Centro de Salud Linneo;Sedes.Centros de atención médica;CALLE LINNEO 3;Segovia 45;Calle Segovia nº 45
Centro de Salud Londres;Sedes.Centros de atención médica;CALLE LONDRES 55;Ventas;Avenida de los Toreros nº 49
Centro de Salud Los Alpes;Sedes.Centros de atención médica;CALLE SUECIA 62;Gutierre de Cetina;Calle Gutierre de Cetina nº 77
Centro de Salud Los Cármenes;Sedes.Centros de atención médica;CALLE VIA CARPETANA 202;Caramuel;Calle Caramuel nº 51
Centro de Salud Los Rosales;Sedes.Centros de atención médica;CALLE DIAMANTE 12;Embajadores 191;Calle Sodio nº 1B
Centro de Salud Los Yébenes;Sedes.Centros de atención médica;CALLE LOS YEBENES 46;Caramuel;Calle Caramuel nº 51
Centro de Salud Los Ángeles;Sedes.Centros de atención médica;CALLE TOTANES 1;Glorieta de Cádiz;Calle Antonio López nº 129
Centro de Salud Lucero;Sedes.Centros de atención médica;CALLE LATINA 14;Caramuel;Calle Caramuel nº 51
Centro de Salud Maqueda;Sedes.Centros de atención médica;"CALLE SESE&amp;Ntilde;A 44";Caramuel;Calle Caramuel nº 51
Centro de Salud Mar Báltico;Sedes.Centros de atención médica;CALLE MAR BALTICO 2;Carlota O’Neill;Calle Carlota O'Neill nº 32
Centro de Salud Martín de Vargas;Sedes.Centros de atención médica;CALLE MARTIN DE VARGAS 15;Embajadores 1;Glorieta de Embajadores nº 6
Centro de Salud Martínez de la Riva;Sedes.Centros de atención médica;CALLE MARTINEZ DE LA RIVA 57;Concordia;Calle Arroyo del Olivar nº 6
Centro de Salud María Auxiliadora;Sedes.Centros de atención médica;CALLE MARIA AUXILIADORA 3;Francos Rodríguez;Calle Francos Rodríguez nº 62
Centro de Salud Mental Aguacate-Carabanchel;Sedes.Centros de atención médica;CALLE DEL AGUACATE 13;Marqués de Vadillo;Glorieta Marqués de Vadillo nº 9
Centro de Salud Mental Ciudad Lineal;Sedes.Centros de atención médica;CALLE DOCTOR CIRAJAS 20;Gutierre de Cetina;Calle Gutierre de Cetina nº 77
Centro de Salud Mental Fuencarral;Sedes.Centros de atención médica;CALLE MELCHOR FERNÁNDEZ ALMAGRO 1;Torre Cepsa;Calle Sinesio Delgado nº 2
Centro de Salud Mental Hortaleza;Sedes.Centros de atención médica;CALLE MAR DE KARA  FRENTE A NÚMERO 18;Carlota O’Neill;Calle Carlota O'Neill nº 32
Centro de Salud Mental Infanto juvenil Carabanchel - Usera;Sedes.Centros de atención médica;CALLE ANTONIA RODRÍGUEZ SACRISTÁN 4 PLANTA 2.º A;Marqués de Vadillo;Glorieta Marqués de Vadillo nº 9
Centro de Salud Mental Latina - Las Águilas;Sedes.Centros de atención médica;CALLE JOSE DE CADALSO PLANTA 1;Caramuel;Calle Caramuel nº 51
Centro de Salud Mental Retiro;Sedes.Centros de atención médica;CALLE LOPE DE RUEDA 43;Retiro-Ibiza;Calle Ibiza nº 18
Centro de Salud Mental San Blas;Sedes.Centros de atención médica;CALLE CASTILLO DE UCLES 35 y 37;Gutierre de Cetina;Calle Gutierre de Cetina nº 77
Centro de Salud Mental Tetuán;Sedes.Centros de atención médica;CALLE MAUDES 32;Raimundo Fernández;Calle Raimundo Fernández Villaverde nº 33
Centro de Salud Mental Usera;Sedes.Centros de atención médica;CALLE VISITACION 5 PLANTA 2ª;Glorieta de Cádiz;Calle Antonio López nº 129
Centro de Salud Mental Vicálvaro;Sedes.Centros de atención médica;CALLE CALAHORRA 11 bis;Pavones;Calle Hacienda de Pavones nº 342
Centro de Salud Mental Villa de Vallecas;Sedes.Centros de atención médica;CALLE SAN CLAUDIO 154;Pavones;Calle Hacienda de Pavones nº 342
Centro de Salud Mental de Arganzuela;Sedes.Centros de atención médica;RONDA DE SEGOVIA 52 PLANTA 2;Puerta de Toledo;Glorieta de la Puerta de Toledo nº 1
Centro de Salud Mental de Barajas;Sedes.Centros de atención médica;AVENIDA GENERAL 5 PLANTA 2ª A;Gutierre de Cetina;Calle Gutierre de Cetina nº 77
Centro de Salud Mental de Centro;Sedes.Centros de atención médica;CALLE DE LA CABEZA 4 PLANTA 1ª;Plaza de Nelson Mandela;Calle Mesón de Paredes nº 35
Centro de Salud Mental de Chamartín;Sedes.Centros de atención médica;CALLE MARQUÉS DE AHUMADA 11;Camilo José Cela;Avenida de Camilo José Cela nº 23
Centro de Salud Mental de Chamberí;Sedes.Centros de atención médica;CALLE MODESTO LAFUENTE 21 PLANTA 1ª;José Abascal;Calle José Abascal nº 33
Centro de Salud Mental de Latina - Galiana;Sedes.Centros de atención médica;CALLE GALIANA 1;Caramuel;Calle Caramuel nº 51
Centro de Salud Mental de Moncloa;Sedes.Centros de atención médica;CALLE DE QUINTANA 11;Quintana;Calle Quintana nº 11
Centro de Salud Mental de Moratalaz;Sedes.Centros de atención médica;CALLE HACIENDA DE PAVONES 348;Pavones;Calle Hacienda de Pavones nº 342
Centro de Salud Mental de Puente de Vallecas;Sedes.Centros de atención médica;"CALLE PE&amp;Ntilde;A GORBEA 4";Concordia;Calle Arroyo del Olivar nº 6
Centro de Salud Mental de Salamanca;Sedes.Centros de atención médica;CALLE O'DONNELL 55 PLANTA baja;O'Donnell;Calle O'Donnell nº 50
Centro de Salud Mental de Villaverde;Sedes.Centros de atención médica;CALLE DE TOTANES 1 PLANTA 4ª;Glorieta de Cádiz;Calle Antonio López nº 129
Centro de Salud Mirasierra;Sedes.Centros de atención médica;CALLE MIRADOR DE LA REINA 117;Pedro Rico;Calle Pedro Rico nº 4
Centro de Salud Montesa;Sedes.Centros de atención médica;CALLE MONTESA 38;Ortega y Gasset 87;Calle Ortega y Gasset nº 87
Centro de Salud Monóvar;Sedes.Centros de atención médica;CALLE MONOVAR 11;Pío XII;Avenida Pío XII nº 3
Centro de Salud Nuestra Señora de Fátima;Sedes.Centros de atención médica;AVENIDA NUESTRA SEÑORA DE FATIMA 93;Caramuel;Calle Caramuel nº 51
Centro de Salud Numancia;Sedes.Centros de atención médica;CALLE PUERTO DE COTOS 2;Doctor Lozano;Calle Sierra Toledana nº 33
Centro de Salud Núñez Morgado;Sedes.Centros de atención médica;CALLE NUÑEZ MORGADO 4;Chamartín;Calle Rodríguez Jaén nº 40
Centro de Salud Orcasitas;Sedes.Centros de atención médica;CALLE CESTONA 3;Glorieta de Cádiz;Calle Antonio López nº 129
Centro de Salud Orcasur;Sedes.Centros de atención médica;CALLE ARENAS DEL REY 1;Glorieta de Cádiz;Calle Antonio López nº 129
Centro de Salud Pacífico;Sedes.Centros de atención médica;CALLE REYES MAGOS 21;Menéndez Pelayo;Avenida de Menéndez Pelayo con calle Poeta Esteban Villegas
Centro de Salud Palma Norte;Sedes.Centros de atención médica;CALLE PALMA 59 ESQUINA CALLE NORTE;San Vicente Ferrer;Calle San Vicente Ferrer nº 64
Centro de Salud Pascual Rodríguez;Sedes.Centros de atención médica;CALLE PASCUAL RODRIGUEZ 21;Caramuel;Calle Caramuel nº 51
Centro de Salud Paseo Imperial;Sedes.Centros de atención médica;CALLE TOLEDO 180;Pirámides;Calle Toledo nº 181
Centro de Salud Pavones;Sedes.Centros de atención médica;CALLE HACIENDA DE PAVONES 271;Pavones;Calle Hacienda de Pavones nº 342
Centro de Salud Peña Prieta;Sedes.Centros de atención médica;CALLE ALTOS DE CABREJAS 4;Puente de Vallecas;Avenida de la Albufera nº 6
Centro de Salud Potes;Sedes.Centros de atención médica;CALLE POTES 2;Glorieta de Cádiz;Calle Antonio López nº 129
Centro de Salud Potosí;Sedes.Centros de atención médica;CALLE POTOSI 7;Colombia;Calle Colombia nº 7
Centro de Salud Prosperidad;Sedes.Centros de atención médica;CALLE CANILLAS 99;Corazón de María;Calle Santa Hortensia nº 31
Centro de Salud Príncipe de Vergara;Sedes.Centros de atención médica;CALLE PRINCIPE DE VERGARA 111;Avenida de América 2;Calle Francisco Silvela nº 86
Centro de Salud Puerta Bonita;Sedes.Centros de atención médica;CALLE ALEGRIA 24;Marqués de Vadillo;Glorieta Marqués de Vadillo nº 9
Centro de Salud Puerta del Ángel;Sedes.Centros de atención médica;PASEO EXTREMADURA 113;Caramuel;Calle Caramuel nº 51
Centro de Salud Párroco Julio Morate;Sedes.Centros de atención médica;CALLE PARROCO JULIO MORATE 3;Jaime el Conquistador;Calle Jaime el Conquistador nº 30
Centro de Salud Quince de Mayo;Sedes.Centros de atención médica;PASEO QUINCE DE MAYO 10;Marqués de Vadillo;Glorieta Marqués de Vadillo nº 9
Centro de Salud Rafael Alberti;Sedes.Centros de atención médica;CALLE SAN CLAUDIO 154;Pavones;Calle Hacienda de Pavones nº 342
Centro de Salud Reina Victoria;Sedes.Centros de atención médica;AVENIDA REINA VICTORIA 21;Cuatro Caminos 2;Calle Doctor Santero nº 1
Centro de Salud Rejas;Sedes.Centros de atención médica;CALLE EUTERPE 12;Gutierre de Cetina;Calle Gutierre de Cetina nº 77
Centro de Salud San Andrés;Sedes.Centros de atención médica;CALLE ALBERTO PALACIOS 22;Glorieta de Cádiz;Calle Antonio López nº 129
Centro de Salud San Cristóbal;Sedes.Centros de atención médica;CALLE BENIMAMET 24;Embajadores 191;Calle Sodio nº 1B
Centro de Salud San Fermín;Sedes.Centros de atención médica;AVENIDA SAN FERMIN 3;Embajadores 191;Calle Sodio nº 1B
Centro de Salud Sanchinarro;Sedes.Centros de atención médica;CALLE ANA DE AUSTRIA 26;Manuel Caldeiro;Paseo de la Castellana nº 298
Centro de Salud Santa Hortensia;Sedes.Centros de atención médica;CALLE SANTA HORTENSIA 14;Corazón de María;Calle Santa Hortensia nº 31
Centro de Salud Segovia;Sedes.Centros de atención médica;CALLE SEGOVIA 4;Plaza del Cordón;Plaza del Cordón
Centro de Salud Segre;Sedes.Centros de atención médica;CALLE SEGRE 27;Paseo de la Habana 42;Paseo de la Habana nº 42
Centro de Salud Silvano;Sedes.Centros de atención médica;AVENIDA MACHUPICHU 58;Carlota O’Neill;Calle Carlota O'Neill nº 32
Centro de Salud Torito;Sedes.Centros de atención médica;CALLE CAMINO DE LOS VINATEROS 140;Marroquina;Calle Camino de los Vinateros nº 108
Centro de Salud Valdebernardo;Sedes.Centros de atención médica;BULEVAR INDALECIO PRIETO 26;Pavones;Calle Hacienda de Pavones nº 342
Centro de Salud Valdezarza-Sur;Sedes.Centros de atención médica;CALLE AZUAGA 13;Francos Rodríguez;Calle Francos Rodríguez nº 62
Centro de Salud Valle Inclan;Sedes.Centros de atención médica;CALLE VALLE INCLAN 97;Caramuel;Calle Caramuel nº 51
Centro de Salud Ventura Rodríguez;Sedes.Centros de atención médica;CALLE VENTURA RODRIGUEZ 7;Ventura Rodríguez;Calle Duque de Liria
Centro de Salud Vicente Muzas;Sedes.Centros de atención médica;CALLE VICENTE MUZAS 8;Corazón de María;Calle Santa Hortensia nº 31
Centro de Salud Vicente Soldevilla;Sedes.Centros de atención médica;CALLE SIERRA DE ALQUIFE 8;Concordia;Calle Arroyo del Olivar nº 6
Centro de Salud Villa de Vallecas;Sedes.Centros de atención médica;CALLE FUENTIDUEÑA 12;Pavones;Calle Hacienda de Pavones nº 342
Centro de Salud Villaamil;Sedes.Centros de atención médica;CALLE VILLAAMIL 19;Francos Rodríguez;Calle Francos Rodríguez nº 62
Centro de Salud Villablanca;Sedes.Centros de atención médica;CALLE VILLABLANCA 81;Pavones;Calle Hacienda de Pavones nº 342
Centro de Salud Virgen de Begoña;Sedes.Centros de atención médica;AVENIDA LLANO CASTELLANO 3;Pedro Rico;Calle Pedro Rico nº 4
Centro de Salud Virgen del Cortijo;Sedes.Centros de atención médica;AVENIDA MANOTERAS 47;Manuel Caldeiro;Paseo de la Castellana nº 298
Centro de Salud el Espinillo;Sedes.Centros de atención médica;AVENIDA OROVILLA 53;Embajadores 191;Calle Sodio nº 1B
Centro de Salud Ángela Uriarte;Sedes.Centros de atención médica;CALLE CANDILEJAS 66;Concordia;Calle Arroyo del Olivar nº 6
Centro de Transfusión de la Comunidad de Madrid;Sedes.Centros de atención médica;AVENIDA DEMOCRACIA 1 Esquina Avenida de las Comunidades;Pavones;Calle Hacienda de Pavones nº 342
Centro de Vacunación Internacional. Delegación del Gobierno en Madrid;Sedes.Centros de atención médica;CALLE FRANCISCO SILVELA 57 PLANTA 1º;Diego de león;Calle Alonso Heredia nº 1
Centro de Vacunación de la Comunidad de Madrid;Sedes.Centros de atención médica;CALLE GENERAL ORAA 15;Velázquez-Diego de León;Calle Velázquez nº 91
Centro de donación de sangre de Cruz Roja;Sedes.Centros de atención médica;CALLE JUAN MONTALVO 3;Pablo Iglesias;Calle Francisco Balseiro nº 1
Centro para la prevención y atención de las adicciones en adolescentes y jóvenes Los Mesejo;Sedes.Centros de atención médica;CALLE LOS MESEJO 9;Puente de Vallecas;Avenida de la Albufera nº 6
Clínica CEMTRO;Sedes.Centros de atención médica;AVENIDA VENTISQUERO DE LA CONDESA 42;Pedro Rico;Calle Pedro Rico nº 4
Clínica Isadora;Sedes.Centros de atención médica;CALLE PIRINEOS 7;Pablo Iglesias;Calle Francisco Balseiro nº 1
Clínica López Ibor;Sedes.Centros de atención médica;CALLE DOCTOR JUAN JOSE LOPEZ IBOR 2;Facultad Derecho;Avenida Complutense nº 23
Clínica Neuro-Psiquiátrica Doctor León;Sedes.Centros de atención médica;PLAZA MARIANO DE CAVIA 3;Menéndez Pelayo;Avenida de Menéndez Pelayo con calle Poeta Esteban Villegas
Clínica Nuestra Señora de la Paz;Sedes.Centros de atención médica;CALLE LOPEZ DE HOYOS 259;Corazón de María;Calle Santa Hortensia nº 31
Clínica San Miguel;Sedes.Centros de atención médica;CALLE ARTURO SORIA 204;Colombia;Calle Colombia nº 7
Clínica San Vicente;Sedes.Centros de atención médica;AVENIDA VENTISQUERO DE LA CONDESA 46 PLANTA 4;Pedro Rico;Calle Pedro Rico nº 4
Clínica Santa Elena;Sedes.Centros de atención médica;CALLE GRANJA 8;Reina Victoria;Calle Beatriz de Bobadilla frente al nº 2
Clínica Universidad de Navarra en Madrid;Sedes.Centros de atención médica;CALLE MARQUESADO DE SANTA MARTA 1;Gutierre de Cetina;Calle Gutierre de Cetina nº 77
Complejo Hospitalario Ruber Juan Bravo;Sedes.Centros de atención médica;CALLE JUAN BRAVO 39 y 49;Juan Bravo 50;Calle Juan Bravo nº 50
Fundación Vianorte-Laguna;Sedes.Centros de atención médica;CALLE CONCEJAL FRANCISCO JOSE JIMENEZ MARTIN 128;Caramuel;Calle Caramuel nº 51
Hospital Beata María Ana de Hermanas Hospitalarias;Sedes.Centros de atención médica;CALLE DOCTOR ESQUERDO 83;Ibiza;Calle Ibiza nº 62
Hospital Carlos III;Sedes.Centros de atención médica;CALLE SINESIO DELGADO 10;Torre Cepsa;Calle Sinesio Delgado nº 2
Hospital Central de la Cruz Roja San José y Santa Adela;Sedes.Centros de atención médica;AVENIDA REINA VICTORIA 22 22 - 26;Cuatro Caminos 2;Calle Doctor Santero nº 1
Hospital Central de la Defensa Gómez Ulla;Sedes.Centros de atención médica;GLORIETA EJERCITO 1;Caramuel;Calle Caramuel nº 51
Hospital Clínico San Carlos;Sedes.Centros de atención médica;CALLE PROFESOR MARTIN LAGOS 2;Hospital Clínico;Calle Isaac Peral nº 44
Hospital Doctor Rodríguez Lafora;Sedes.Centros de atención médica;CARRETERA COLMENAR VIEJO  KM 1480 SA;Pedro Rico;Calle Pedro Rico nº 4
Hospital Enfermera Isabel Zendal;Sedes.Centros de atención médica;AVENIDA MANUEL FRAGA IRIBARNE 2;Carlota O’Neill;Calle Carlota O'Neill nº 32
Hospital Fuensanta;Sedes.Centros de atención médica;CALLE ARTURO SORIA 17;C.D. Concepción;Calle Jose del Hierro nº 5
Hospital General Universitario Gregorio Marañón;Sedes.Centros de atención médica;CALLE DOCTOR ESQUERDO 46;Ibiza;Calle Ibiza nº 62
Hospital HLA Universitario Moncloa;Sedes.Centros de atención médica;AVENIDA VALLADOLID 83;INEF;Avenida Juan de Herrera frente a la calle Paul Guinard
Hospital HM Nuevo Belén;Sedes.Centros de atención médica;CALLE JOSE SILVA 7;Condesa de Venadito;Calle Condesa de Venadito nº 2
Hospital HM Sanchinarro;Sedes.Centros de atención médica;CALLE OÑA 10;Manuel Caldeiro;Paseo de la Castellana nº 298
Hospital Hestia Madrid;Sedes.Centros de atención médica;CARRETERA M-607 1600;Pedro Rico;Calle Pedro Rico nº 4
Hospital Infantil Universitario Niño Jesús;Sedes.Centros de atención médica;AVENIDA MENENDEZ PELAYO 65;Puerta del Doce de Octubre;Avenida de Menéndez Pelayo nº 63
Hospital La Luz;Sedes.Centros de atención médica;CALLE MAESTRO ANGEL LLORCA 8;Reina Victoria;Calle Beatriz de Bobadilla frente al nº 2
Hospital La Milagrosa;Sedes.Centros de atención médica;CALLE MODESTO LAFUENTE 14;General Martínez Campos ;Calle Fernández de la Hoz nº 29
Hospital Nuestra Señora del Rosario;Sedes.Centros de atención médica;CALLE PRINCIPE DE VERGARA 53;Marqués de Salamanca;Calle José Ortega y Gasset nº 30
Hospital Quirónsalud San José;Sedes.Centros de atención médica;CALLE CARTAGENA 111;Avenida de América 1;Calle Padre Indalecio Hernández nº 1
Hospital Ruber Internacional;Sedes.Centros de atención médica;CALLE MASO 38;Pedro Rico;Calle Pedro Rico nº 4
Hospital San Francisco de Asís;Sedes.Centros de atención médica;CALLE JOAQUIN COSTA 28;Serrano 113;Calle Serrano nº 113B
Hospital San Rafael;Sedes.Centros de atención médica;CALLE SERRANO 199;Serrano 210;Calle Serrano nº 210
Hospital Universitario 12 de Octubre;Sedes.Centros de atención médica;AVENIDA CORDOBA 41;Glorieta de Cádiz;Calle Antonio López nº 129
Hospital Universitario Fundación Jiménez Díaz;Sedes.Centros de atención médica;AVENIDA REYES CATOLICOS 2;Hospital Clínico;Calle Isaac Peral nº 44
Hospital Universitario HM Madrid;Sedes.Centros de atención médica;PLAZA CONDE DEL VALLE DE SUCHIL 16;Plaza Conde Suchil;Plaza del Conde del Valle de Súchil nº 3
Hospital Universitario Infanta Leonor;Sedes.Centros de atención médica;AVENIDA GRAN VIA DEL ESTE 80;Pavones;Calle Hacienda de Pavones nº 342
Hospital Universitario La Zarzuela;Sedes.Centros de atención médica;CALLE PLEYADES 25;Facultad Derecho;Avenida Complutense nº 23
Hospital Universitario Ramón y Cajal;Sedes.Centros de atención médica;CALLE SAN MODESTO 50;Pedro Rico;Calle Pedro Rico nº 4
Hospital Universitario Sanitas La Moraleja;Sedes.Centros de atención médica;AVENIDA FRANCISCO PI Y MARGALL 81;Manuel Caldeiro;Paseo de la Castellana nº 298
Hospital Universitario Santa Cristina;Sedes.Centros de atención médica;CALLE MAESTRO VIVES 2 y 3;O'Donnell;Calle O'Donnell nº 50
Hospital Universitario de  La Princesa;Sedes.Centros de atención médica;CALLE DIEGO DE LEON 62;Diego de león;Calle Alonso Heredia nº 1
Hospital Universitario la Paz;Sedes.Centros de atención médica;PASEO CASTELLANA 261;Manuel Caldeiro;Paseo de la Castellana nº 298
Hospital Virgen de La Paloma;Sedes.Centros de atención médica;CALLE LOMA 1;Reina Victoria;Calle Beatriz de Bobadilla frente al nº 2
Hospital Virgen de La Torre;Sedes.Centros de atención médica;CALLE PUERTO DE LUMBRERAS 5;Pavones;Calle Hacienda de Pavones nº 342
Hospital Virgen del Mar;Sedes.Centros de atención médica;CALLE HONDURAS 14;Pío XII;Avenida Pío XII nº 3
Hospital Vithas Madrid Pardo de Aravaca;Sedes.Centros de atención médica;CALLE LA SALLE 12;Facultad Derecho;Avenida Complutense nº 23
Hospital de la Venerable Orden Tercera de San Francisco de Asís;Sedes.Centros de atención médica;CALLE SAN BERNABE 13;Plaza de San Francisco;Plaza de San Francisco nº 5
Instituto Provincial de Oftalmología;Sedes.Centros de atención médica;CALLE GENERAL ARRANDO 17;Rubén Darío;Glorieta Rubén Darío 2
Instituto Provincial de Rehabilitación;Sedes.Centros de atención médica;CALLE FRANCISCO SILVELA 40;Avenida de los Toreros;Avenida de los Toreros nº 3
Laboratorio de Análisis Clínicos;Sedes.Centros de atención médica;CALLE MONTESA 22 Edificio D;Ortega y Gasset 87;Calle Ortega y Gasset nº 87
MD Anderson Cancer Center Madrid;Sedes.Centros de atención médica;CALLE ARTURO SORIA 270;Pío XII;Avenida Pío XII nº 3
Organización Nacional de Trasplantes;Sedes.Centros de atención médica;CALLE SINESIO DELGADO 6 y 8 PABELLÓN 3;Torre Cepsa;Calle Sinesio Delgado nº 2
Sanatorio Esquerdo;Sedes.Centros de atención médica;AVENIDA POBLADOS 70;Caramuel;Calle Caramuel nº 51
Servicio de Inmunoprofilaxis de la Rabia Humana;Sedes.Centros de atención médica;CALLE MONTESA 22;Ortega y Gasset 87;Calle Ortega y Gasset nº 87
Unidad Técnica de Apoyo Diagnóstico;Sedes.Centros de atención médica;CALLE MONTESA 22;Ortega y Gasset 87;Calle Ortega y Gasset nº 87
Unidad de Salud Mental de niños y adolescentes Fuencarral;Sedes.Centros de atención médica;CALLE CANDIDO MATEOS 11;Francos Rodríguez;Calle Francos Rodríguez nº 62
Unidad de Salud Mental de niños y adolescentes Tetuán;Sedes.Centros de atención médica;CALLE AGUILEÑAS 1;Remonta;Calle Azucenas nº 1
Unidad móvil Madroño;Sedes.Centros de atención médica;PASEO REY 36 Junto al albergue de San Isidro;Paseo de la Florida;Paseo de la Florida nº 8
Vithas Madrid Arturo Soria;Sedes.Centros de atención médica;CALLE ARTURO SORIA 107;Carlota O’Neill;Calle Carlota O'Neill nº 32
